Engine_ID,Prediction_End_Cycle,Predicted_RUL,Risk_Level,Latest_Cycle,Anomaly_Score,Anomaly_Status,Health_Score,Anomalous_Cycles,Total_Cycles,Average_Anomaly_Score,Average_Health_Score,Anomaly_Rate
1,-1.1255072074139931,99.48871,Low Risk,31,0.1401449740139316,Normal,82.73626759869195,0,31,0.12928939756809402,78.55399061697672,0.0
2,-0.8670267988550039,99.20677,Low Risk,49,0.14504496808361922,Normal,84.62406531357549,0,49,0.1433642130325595,83.97652870444,0.0
3,0.23869494886956155,46.610477,Medium Risk,126,0.10975728151666542,Normal,71.02894394869014,0,126,0.1445116625151317,84.41860118051592,0.0
4,-0.04850550508487102,77.040825,Low Risk,106,0.12960247784409457,Normal,78.67460958532716,0,106,0.15112975332041673,86.96832196005663,0.0
5,-0.16338568666664405,97.018295,Low Risk,98,0.13221814208119093,Normal,79.68233426814659,0,98,0.15090730022724239,86.88261850103386,0.0
6,-0.06286552778259265,96.64783,Low Risk,105,0.16273566044757531,Normal,91.43967532134697,0,105,0.15262756365027877,87.54537631519032,0.0
7,0.7269357205920969,97.37648,Low Risk,160,0.14166054258974858,Normal,83.32016358988832,1,160,0.1154943851953792,73.23925095328948,0.00625
8,0.8130958567784267,95.29921,Low Risk,166,0.14167446035265768,Normal,83.32552562107497,0,166,0.14410006117758503,84.26002546523692,0.0
9,-0.7808666626686741,99.34638,Low Risk,55,0.1491128861651299,Normal,86.19129301822021,0,55,0.14779501362007672,85.68356244882021,0.0
10,1.186456446919189,94.99302,Low Risk,192,0.15913675681277073,Normal,90.05314261105264,2,192,0.12227685942432304,75.85230296285506,0.010416666666666666
11,-0.37878602713246845,87.78273,Low Risk,83,0.081302099235261,Normal,60.06614943844003,0,83,0.11242544348717547,72.05689418683995,0.0
12,1.5454570143622297,94.8943,Low Risk,217,0.14958523516540312,Normal,86.37327270037116,3,217,0.1148481763383706,72.9902891002242,0.013824884792626729
13,1.2295365150123538,87.462524,Low Risk,195,0.17295245709874213,Normal,95.37585260997213,3,195,0.1231705268346498,76.19660201119825,0.015384615384615385
14,-0.9101068669481688,99.117584,Low Risk,46,0.11397819912520252,Normal,72.65511706293964,0,46,0.1135841409603652,72.50330012346353,0.0
15,-0.47930618601651986,98.172295,Low Risk,76,0.14108927158515477,Normal,83.10007269146809,0,76,0.12312641037951372,76.17960547160855,0.0
16,0.05201465379918038,94.99687,Low Risk,113,0.1471926723253693,Normal,85.4515012455704,0,113,0.12346202595610944,76.30890650943964,0.0
17,0.798735834080705,49.866055,Medium Risk,165,0.10203206481056692,Normal,68.05268597014069,1,165,0.11464723828871382,72.91287464102683,0.006060606060606061
18,0.33921510775361297,27.777395,Medium Risk,133,0.11423232362542723,Normal,72.7530224162926,2,133,0.1281367210380531,78.10990434085807,0.015037593984962405
19,0.3679351531490562,84.37574,Low Risk,135,0.1510584510091243,Normal,86.94085165327475,2,135,0.11708186673350124,73.850852513917,0.014814814814814815
20,1.0715762653374161,19.46915,High Risk,184,0.017331138788439615,Normal,35.42035778381605,0,184,0.14015290158481963,82.73932181671634,0.0
21,0.5546154482194374,81.107895,Low Risk,148,0.11930781277328406,Normal,74.70843229617662,0,148,0.10911373205696417,70.78100666914239,0.0
22,-1.01062702583222,99.564476,Low Risk,39,0.159548708700275,Normal,90.21185338106834,0,39,0.14194761739642325,83.43076355314005,0.0
23,0.2961350396604481,99.28988,Low Risk,130,0.1553391498497116,Normal,88.59005640218588,3,130,0.09455717218901688,65.17286917663556,0.023076923076923078
24,1.1002963107328594,20.91763,High Risk,186,0.03351879885025855,Normal,41.6569015917071,10,186,0.08331848656034196,60.842993518345345,0.053763440860215055
25,-0.8813868215527255,99.391815,Low Risk,48,0.1529341652050223,Normal,87.66349925701287,0,48,0.1318529316398611,79.54163135569632,0.0
26,-0.47930618601651986,97.95645,Low Risk,76,0.14097146036518798,Normal,83.05468411575188,0,76,0.12640512777730634,77.44278153330865,0.0
27,0.4397352666376644,94.09386,Low Risk,140,0.13525209172403735,Normal,80.85120980582705,1,140,0.11489118323709013,73.00685816622149,0.007142857142857143
28,0.6982156751966537,95.88971,Low Risk,158,0.17376300977987047,Normal,95.68813043673374,0,158,0.1445335909744263,84.42704945509719,0.0
29,0.8848959702670348,95.8254,Low Risk,171,0.1396802209816949,Normal,82.55721437949131,0,171,0.13454612459508036,80.57922516383077,0.0
30,0.48281533473082927,95.80992,Low Risk,143,0.14201879404414525,Normal,83.45818544610802,0,143,0.13936657679513179,82.43637815596541,0.0
31,1.2438965377100755,8.777111,High Risk,196,0.06362164402017295,Normal,53.254483448960244,0,196,0.12433700118457966,76.64600410861921,0.0
32,0.5115353801262725,48.27378,Medium Risk,145,0.10896848582936047,Normal,70.72504833681256,6,145,0.08262123716477072,60.57436751656994,0.041379310344827586
33,-0.8526667761572823,98.77142,Low Risk,50,0.12456532678936,Normal,76.73397004262313,0,50,0.14683844175838973,85.31502849777203,0.0
34,1.3444166965941269,8.477861,High Risk,203,-0.021865007036698803,Anomaly,20.319442666656503,8,203,0.1033623430800851,68.56519603477342,0.03940886699507389
35,1.2726165831055187,8.316917,High Risk,198,0.022144231329844555,Normal,37.27467535480986,1,198,0.13064925964758714,79.07789829721348,0.005050505050505051
36,0.23869494886956155,18.143917,Medium Risk,126,0.08349226415048328,Normal,60.909943994795135,0,126,0.13344717161679115,80.15583670831964,0.0
37,0.16689483538095343,25.675495,Medium Risk,121,0.11382111218218982,Normal,72.59459691376398,0,121,0.12222923281454758,75.83395408246396,0.0
38,0.22433492617183992,48.785404,Medium Risk,125,0.12465163502109544,Normal,76.767221609937,0,125,0.14399580789581398,84.21986029272905,0.0
39,-1.0393470712276633,99.52489,Low Risk,37,0.1365791868940282,Normal,81.36249353264621,1,37,0.11489603497864058,73.00872737391478,0.02702702702702703
40,0.33921510775361297,30.191792,Medium Risk,133,0.08270582108636998,Normal,60.60695476701149,0,133,0.1365854389166338,81.36490222004878,0.0
41,0.19561488077639666,28.227226,Medium Risk,123,0.0730555617143086,Normal,56.889044636607544,2,123,0.10344707461781376,68.59784015658823,0.016260162601626018
42,0.6694956298012105,7.9192367,High Risk,156,0.0060899596853170035,Normal,31.08952147632962,1,156,0.10400163568234955,68.811493294838,0.00641025641025641
43,0.8992559929647564,84.331696,Low Risk,172,0.14385657141496117,Normal,84.16621730732047,0,172,0.14370752082848856,84.10879328750671,0.0
44,-0.7952266853663957,97.980156,Low Risk,54,0.14909361751637268,Normal,86.18386947635966,0,54,0.14731932554921132,85.50029633861566,0.0
45,0.612055539010324,68.000854,Low Risk,152,0.13469378920384922,Normal,80.63611521452032,0,152,0.1543533578870678,88.21026495999989,0.0
46,0.5258954028239942,32.99479,Medium Risk,146,0.14479733469415895,Normal,84.52866075999779,0,146,0.14563454270481868,84.85120796044906,0.0
47,-0.5223862541096848,99.10901,Low Risk,73,0.1199277694933491,Normal,74.94728011166796,0,73,0.12490918393812604,76.8664462722787,0.0
48,-0.4505861406210766,97.74215,Low Risk,78,0.16116548497915778,Normal,90.8347411889606,0,78,0.15158355609412485,87.14315642455398,0.0
49,2.7804189663662897,25.757664,High Risk,303,0.03311758277083143,Normal,41.50232695607589,3,303,0.11900714773654013,74.59259648877804,0.009900990099009901
50,-0.5080262314119631,86.724396,Low Risk,74,0.13714840980198162,Normal,81.58179537048748,0,74,0.1367083803155902,81.41226727574349,0.0
51,0.4971753574285509,94.28058,Low Risk,144,0.16142628281880772,Normal,90.93521754846957,0,144,0.1430381948604485,83.85092521358499,0.0
52,1.143376378826024,34.325443,Medium Risk,189,0.062174919011126484,Normal,52.69711049558503,14,189,0.08222248850009294,60.420743490237285,0.07407407407407407
53,0.7843758113829834,25.818186,Medium Risk,164,0.07998336874022804,Normal,59.558088330678494,0,164,0.13545290383022007,80.92857574337336,0.0
54,0.16689483538095343,99.31932,Low Risk,121,0.11499474110656188,Normal,73.04675542049704,9,121,0.07817293037962683,58.86058924160341,0.0743801652892562
55,0.05201465379918038,96.7691,Low Risk,113,0.16518410183957039,Normal,92.38297484357051,0,113,0.1402795922938757,82.78813135151405,0.0
56,0.38229517584677786,15.413122,High Risk,136,0.030328113855443428,Normal,40.42764136068214,1,136,0.10431225196371614,68.9311629715417,0.007352941176470588
57,0.7269357205920969,95.955795,Low Risk,160,0.12727785532754232,Normal,77.77901318004541,0,160,0.1418401948206476,83.38937736160754,0.0
58,0.956696083755643,43.811493,Medium Risk,176,0.07857964489095642,Normal,59.017282232284295,0,176,0.1343112052891161,80.48871890552226,0.0
59,-0.22082577745753057,98.067535,Low Risk,94,0.11027518782299334,Normal,71.22847528030091,3,94,0.09693133370669003,66.0875512403454,0.031914893617021274
60,0.5402554255217158,97.21773,Low Risk,147,0.17082989623080963,Normal,94.5581035475861,0,147,0.14940007276945586,86.30193605322826,0.0
61,0.7125756978943752,19.562307,Medium Risk,159,0.1062847651215103,Normal,69.69110385695973,2,159,0.1208103028751656,75.28728960510962,0.012578616352201259
62,1.7608573548280542,54.795353,Medium Risk,232,0.12852972783201144,Normal,78.26131622361072,6,232,0.09631402728730337,65.84972449375601,0.02586206896551724
63,0.6551356071034888,88.289055,Low Risk,155,0.132426717704063,Normal,79.76269121932621,0,155,0.14252724373958806,83.65407347363197,0.0
64,0.8418159021738699,24.299393,Medium Risk,168,0.12104474607888777,Normal,75.37761243774213,0,168,0.14519090716142108,84.68029057704894,0.0
65,-0.551106299505128,99.20664,Low Risk,71,-0.004860588693987977,Anomaly,26.87065510360126,9,71,0.06218978965170842,52.70283963747994,0.1267605633802817
66,0.5402554255217158,18.053257,High Risk,147,0.0316854887071194,Normal,40.95059079833271,0,147,0.1365767429013474,81.36155194705808,0.0
67,-0.551106299505128,98.76167,Low Risk,71,0.12945520845240427,Normal,78.61787179806633,0,71,0.1400349094664366,82.69386354711644,0.0
68,1.114656333430581,8.450459,High Risk,187,0.05237066337912344,Normal,48.91987094896467,0,187,0.13277730387369582,79.89775990726542,0.0
69,-0.7952266853663957,99.32118,Low Risk,54,0.13377553827178656,Normal,80.28234498815185,0,54,0.1418222941107359,83.38248083912498,0.0
70,0.612055539010324,84.08782,Low Risk,152,0.16492542809457506,Normal,92.28331682403874,0,152,0.14436376048872007,84.36161966104557,0.0
71,-0.5941863675982929,97.539536,Low Risk,68,0.13088217598941887,Normal,79.16763288293248,0,68,0.12471685404627904,76.79234823763441,0.0
72,0.3104950623581697,63.12213,Low Risk,131,0.16929408675951435,Normal,93.96640944159863,1,131,0.13800128863751274,81.91037999607885,0.007633587786259542
73,0.03765463110145876,96.77969,Low Risk,112,0.12630397922998637,Normal,77.4038125072693,2,112,0.1124356635409172,72.06083161897257,0.017857142857142856
74,0.3966551985444995,95.206924,Low Risk,137,0.14553734420775188,Normal,84.81376075172938,0,137,0.15748315234310162,89.41606617896595,0.0
75,-0.30698591364386035,96.36153,Low Risk,88,0.1311701172802212,Normal,79.27856667245683,0,88,0.14450800304357667,84.4171913130873,0.0
76,1.3731367419895701,7.2163634,High Risk,205,0.0387097730115018,Normal,43.65680384061721,2,205,0.11640387802442582,73.5896469864191,0.00975609756097561
77,0.7556557659875401,33.779438,Medium Risk,162,0.06749976984443523,Normal,54.74859078153093,0,162,0.1335888989221628,80.21043932199875,0.0
78,-0.5367462768074064,99.58447,Low Risk,72,0.04319533801087916,Normal,45.38493641289315,10,72,0.051633595890955584,48.63590441755886,0.1388888888888889
79,-0.12030561857347916,95.25833,Low Risk,101,0.14405053193743644,Normal,84.24094356737282,0,101,0.1365360974753549,81.34589267457368,0.0
80,0.33921510775361297,90.84166,Low Risk,133,0.1458655871246965,Normal,84.94022135958359,0,133,0.1522104824460578,87.38468939739995,0.0
81,1.4880169235713432,7.6071734,High Risk,213,0.031358851255770204,Normal,40.82474872067245,1,213,0.1286702781641201,78.31546539032547,0.004694835680751174
82,0.7556557659875401,10.475395,High Risk,162,0.01538766436097827,Normal,34.6716045137269,1,162,0.1369637281300802,81.51064392964125,0.006172839506172839
83,-0.5223862541096848,99.03118,Low Risk,73,0.15658647492833494,Normal,89.070607480341,0,73,0.14791007673879009,85.72789227646597,0.0
84,0.8992559929647564,82.16585,Low Risk,172,0.10911517636958779,Normal,70.78156311268734,0,172,0.150744538326814,86.81991198765263,0.0
85,-1.0824271393208282,99.60678,Low Risk,34,0.1437908694809263,Normal,84.1409046315967,0,34,0.14446528831232458,84.40073480907878,0.0
86,0.0089345857060155,94.97293,Low Risk,110,0.14288605181998942,Normal,83.7923097785397,0,110,0.15493473005500344,88.43424748620643,0.0
87,-0.7665066399709525,99.12816,Low Risk,56,0.13379447743284184,Normal,80.28964158983207,0,56,0.11181669463336219,71.8223643733702,0.0
88,-0.5941863675982929,99.16542,Low Risk,68,0.12567147935503598,Normal,77.16013224937224,0,68,0.12675631258872505,77.57808085715871,0.0
89,0.9710561064533646,97.10756,Low Risk,177,0.14275487182745367,Normal,83.74177067856824,0,177,0.13973722877405154,82.57917750406061,0.0
90,0.5258954028239942,28.308445,High Risk,146,0.07445704179452728,Normal,57.42898628863087,0,146,0.14542301218648696,84.76971259056585,0.0
91,1.7895774002234974,26.737268,Medium Risk,234,0.059659934279423954,Normal,51.728174133223746,0,234,0.12396322614289412,76.50200155279174,0.0
92,0.5833354936148807,25.644354,Medium Risk,150,0.042790451348002745,Normal,45.228947628805976,0,150,0.1107856962010134,71.42515644679804,0.0
93,1.9331776272007137,48.49673,Low Risk,244,0.12096911677809097,Normal,75.34847509202459,0,244,0.14547267539100261,84.78884610025281,0.0
94,0.33921510775361297,70.01104,Low Risk,133,0.11144859428442294,Normal,71.68054807978037,0,133,0.15124142386600042,87.01134474697731,0.0
95,-0.2926258909461387,96.88214,Low Risk,89,0.15140580529349917,Normal,87.07467520795093,0,89,0.12630729541851754,77.40509011965865,0.0
96,-0.17774570936436568,96.80213,Low Risk,97,0.12637942967995303,Normal,77.43288094796702,1,97,0.09645773835533486,65.90509138236341,0.010309278350515464
97,0.3535751304513346,82.43291,Low Risk,134,0.11757296489252783,Normal,74.04005559645319,0,134,0.1256839121051579,77.16492215665296,0.0
98,0.16689483538095343,56.08761,Low Risk,121,0.1445180942278379,Normal,84.42107909628007,0,121,0.15305026128663887,87.70822704942768,0.0
99,-0.17774570936436568,99.29943,Low Risk,97,0.13643438015849157,Normal,81.30670452136212,8,97,0.07500754385599595,57.64107563382174,0.08247422680412371
100,1.2726165831055187,20.585274,High Risk,198,-0.012945324538794156,Anomaly,23.755886874048063,1,198,0.11307419771811887,72.30683668417323,0.005050505050505051
